<?xml version="1.0" encoding="UTF-8"?>
<project-private xmlns="http://www.netbeans.org/ns/project-private/1">
    <editor-bookmarks xmlns="http://www.netbeans.org/ns/editor-bookmarks/2" lastBookmarkId="0"/>
    <open-files xmlns="http://www.netbeans.org/ns/projectui-open-files/2">
        <group>
            <file>file:/Users/QiYuBin/Downloads/finalV16.5_All/finalV20/src/UserInterface/AirQualityInspector/ViewAirDataBaseJPanel.java</file>
            <file>file:/Users/QiYuBin/Downloads/finalV16.5_All/finalV20/src/UserInterface/HousingInspector/ViewHousingRequestJPanel.java</file>
            <file>file:/Users/QiYuBin/Downloads/finalV16.5_All/finalV20/src/UserInterface/SystemAdminRole/ManageCityJPanel.java</file>
            <file>file:/Users/QiYuBin/Downloads/finalV16.5_All/finalV20/src/UserInterface/StrategicConsultantRole/ViewReportJPanel.java</file>
            <file>file:/Users/QiYuBin/Downloads/finalV16.5_All/finalV20/src/UserInterface/AirQualityInspector/ViewAndProcessAirRequestJPanel.java</file>
            <file>file:/Users/QiYuBin/Downloads/finalV16.5_All/finalV20/src/UserInterface/StrategicConsultantRole/StrategicConsultantRequestManageJPanel.java</file>
            <file>file:/Users/QiYuBin/Downloads/finalV16.5_All/finalV20/src/UserInterface/HousingInspector/AddHousingDataJPanel.java</file>
            <file>file:/Users/QiYuBin/Downloads/finalV16.5_All/finalV20/src/UserInterface/DataAnalyst/UploadAnalyzingReportJPanel.java</file>
            <file>file:/Users/QiYuBin/Downloads/finalV16.5_All/finalV20/nbproject/build-impl.xml</file>
            <file>file:/Users/QiYuBin/Downloads/finalV16.5_All/finalV20/src/UserInterface/AirQualityInspector/ManageAirRequestJPanel.java</file>
            <file>file:/Users/QiYuBin/Downloads/finalV16.5_All/finalV20/src/UserInterface/DataAnalyst/DataAnalyzingJPanel.java</file>
            <file>file:/Users/QiYuBin/Downloads/finalV16.5_All/finalV20/src/UserInterface/WaterQualityInspector/ViewWaterDataJPanel.java</file>
            <file>file:/Users/QiYuBin/Downloads/finalV16.5_All/finalV20/src/Business/Data/AirData.java</file>
            <file>file:/Users/QiYuBin/Downloads/finalV16.5_All/finalV20/src/UserInterface/StrategicConsultantRole/UploadUrbanPlanningStrategyJPanel.java</file>
            <file>file:/Users/QiYuBin/Downloads/finalV16.5_All/finalV20/src/UserInterface/WaterQualityInspector/ViewWaterDataBaseJPanel.java</file>
            <file>file:/Users/QiYuBin/Downloads/finalV16.5_All/finalV20/src/UserInterface/HousingInspector/ManageHousingDatabaseJPanel.java</file>
            <file>file:/Users/QiYuBin/Downloads/finalV16.5_All/finalV20/src/UserInterface/StrategicConsultantRole/StrategicConsultantWorkArea.java</file>
            <file>file:/Users/QiYuBin/Downloads/finalV16.5_All/finalV20/src/UserInterface/HousingInspector/ViewHousingDataJPanel.java</file>
            <file>file:/Users/QiYuBin/Downloads/finalV16.5_All/finalV20/src/Business/EcoSystem.java</file>
            <file>file:/Users/QiYuBin/Downloads/finalV16.5_All/finalV20/src/UserInterface/WaterQualityInspector/AddWaterDataJPanel.java</file>
            <file>file:/Users/QiYuBin/Downloads/finalV16.5_All/finalV20/src/UserInterface/SystemAdminRole/ManageOrganizationAdminJPanel.java</file>
            <file>file:/Users/QiYuBin/Downloads/finalV16.5_All/finalV20/src/UserInterface/HousingInspector/HousingInspectorWorkArea.java</file>
            <file>file:/Users/QiYuBin/Downloads/finalV16.5_All/finalV20/src/UserInterface/DataAnalyst/DataAnalystWorkArea.java</file>
            <file>file:/Users/QiYuBin/Downloads/finalV16.5_All/finalV20/src/UserInterface/SystemAdminRole/SystemAdminWorkArea.java</file>
            <file>file:/Users/QiYuBin/Downloads/finalV16.5_All/finalV20/src/UserInterface/WaterQualityInspector/ViewAndProcessWaterRequestJPanel.java</file>
            <file>file:/Users/QiYuBin/Downloads/finalV16.5_All/finalV20/src/UserInterface/WaterQualityInspector/ManageWaterRequestJPanel.java</file>
            <file>file:/Users/QiYuBin/Downloads/finalV16.5_All/finalV20/src/UserInterface/WaterQualityInspector/WaterQualityInspectorWorkArea.java</file>
            <file>file:/Users/QiYuBin/Downloads/finalV16.5_All/finalV20/src/Business/DB4OUtil/DB4OUtil.java</file>
        </group>
    </open-files>
</project-private>
